Track name,Artist name,Album,Playlist name,Type,ISRC,Qobuz - id
"The Art Pepper Quartet (feat. Russ Freeman, Ben Tucker & Gary Frommer) ","Russ Freeman","The Art Pepper Quartet (feat. Russ Freeman, Ben Tucker & Gary Frommer) ","Favorites Albums","Album","0816651013784","0816651013784"
"TONYPITONY","TonyPitony","TONYPITONY","Favorites Albums","Album","0199078855190","eqoxxoxly89yc"
"Red Garland's Piano (Rudy Van Gelder Remasters)","Red Garland","Red Garland's Piano (Rudy Van Gelder Remasters)","Favorites Albums","Album","0088807234960","0088807234960"
"Africa","Pharoah Sanders","Africa","Favorites Albums","Album","0194491106119","e9heferknt84a"
"Horizons","Jasmine Myra","Horizons","Favorites Albums","Album","3663729188090","w383nfatittxb"
"Tomorrow's Yearning","Yesterday's Princess","Tomorrow's Yearning","Favorites Albums","Album","3663729364418","ac1j96586xgna"
"Afro-Harping","Dorothy Ashby","Afro-Harping","Favorites Albums","Album","0004400760372","0004400760372"
"The Liminality of Her (Deluxe Edition)","Amanda Whiting","The Liminality of Her (Deluxe Edition)","Favorites Albums","Album","5050580847613","hmqziiqs52okb"
"Dawn Is A Melody","Finn Rees","Dawn Is A Melody","Favorites Albums","Album","3617384847793","klam4lxf9ji5b"
"Rising","Jasmine Myra","Rising","Favorites Albums","Album","4062548080117","lrxals2tfrgab"
"Don't Forget to Have Fun","Don Glori","Don't Forget to Have Fun","Favorites Albums","Album","3663729291318","vrvl76jd1ux6b"
"Dogs Bark Babies Cry","Yoni Mayraz","Dogs Bark Babies Cry","Favorites Albums","Album","0199350395918","zpi3kkrkrl3yb"
"The Eternal Now","Chip Wickham","The Eternal Now","Favorites Albums","Album","4062548116922","yhto470bqb9fc"
"Cicero Nights","Blue Earth Sound","Cicero Nights","Favorites Albums","Album","3663729373762","gwg09ejxbkovb"
"Journey to the One","Pharoah Sanders","Journey to the One","Favorites Albums","Album","4895241450051","ex80bspqtm2dc"
"Ugetsu [Original Jazz Classics Remasters]","Art Blakey","Ugetsu [Original Jazz Classics Remasters]","Favorites Albums","Album","0088807232692","0088807232692"
"Moon Beams","Bill Evans Trio","Moon Beams","Favorites Albums","Album","0888072662605","m86peefmmnr4a"
"Basra","Pete La Roca","Basra","Favorites Albums","Album","0724386447753","0724386447753"
"Bring It Home To Me","Blue Mitchell","Bring It Home To Me","Favorites Albums","Album","0602577072215","zg200z9atbk3b"
"Some Other Stuff","Grachan Moncur III","Some Other Stuff","Favorites Albums","Album","5099926515250","5099926515250"
"Evolution","Grachan Moncur III","Evolution","Favorites Albums","Album","0060253764701","0060253764701"
"The Kicker","Bobby Hutcherson","The Kicker","Favorites Albums","Album","0724352143757","0724352143757"
"Birth of the Blue","Miles Davis","Birth of the Blue","Favorites Albums","Album","0196872683493","ld7wpvuga90fa"
"Billie Holiday","Billie Holiday","Billie Holiday","Favorites Albums","Album","0602508517372","bxl0muai1ur8b"
"Time Out","The Dave Brubeck Quartet","Time Out","Favorites Albums","Album","0074646512227","0074646512227"
"Amoroso","João Gilberto","Amoroso","Favorites Albums","Album","0603497936236","0603497936236"
"Genius Of Modern Music","Thelonious Monk","Genius Of Modern Music","Favorites Albums","Album","0060253764797","0060253764797"
"Monk's Music","Thelonious Monk Septet","Monk's Music","Favorites Albums","Album","0888072610309","nhmxpj29l96ba"
"Thelonious Alone In San Francisco","Thelonious Monk","Thelonious Alone In San Francisco","Favorites Albums","Album","0888072404632","peuka852xgcdc"
"Let Freedom Ring","Jackie McLean","Let Freedom Ring","Favorites Albums","Album","0060253765162","0060253765162"
"Let My Children Hear Music","Charles Mingus","Let My Children Hear Music","Favorites Albums","Album","0074644891027","0074644891027"
"The Long Way Round","Maya Delilah","The Long Way Round","Favorites Albums","Album","0602475808909","xriif79de4pya"
"Chet","Chet Baker","Chet","Favorites Albums","Album","0888072233942","imredq4mna2zb"
"At The Top: Poinciana Revisited","Ahmad Jamal","At The Top: Poinciana Revisited","Favorites Albums","Album","0602577036309","as1blweohvqtb"
"Monk's Dream","Thelonious Monk","Monk's Dream","Favorites Albums","Album","5099706353621","5099706353621"
"Sun Ship","John Coltrane","Sun Ship","Favorites Albums","Album","0060253737723","0060253737723"
"Brilliant Corners","Thelonious Monk","Brilliant Corners","Favorites Albums","Album","0002521860262","0002521860262"
"Bossa Nova Soul Samba","Ike Quebec","Bossa Nova Soul Samba","Favorites Albums","Album","4069977002710","ihutq13xh2zgc"
"It Might as Well be Spring","Ike Quebec","It Might as Well be Spring","Favorites Albums","Album","5712192259122","m7clb8pogfyjb"
"Blue & Sentimental","Ike Quebec","Blue & Sentimental","Favorites Albums","Album","0060254778062","0060254778062"
"Infinity","Khan Jamal","Infinity","Favorites Albums","Album","5059863557102","bcv16lx63puia"
"Mirage","The Awakening","Mirage","Favorites Albums","Album","0194491789473","jh6cp4ymop9fa"
"A Love Supreme: Live In Seattle","John Coltrane","A Love Supreme: Live In Seattle","Favorites Albums","Album","0602438624812","jgj3exmfroqpa"
"Visions of the Emerald Beyond","Mahavishnu Orchestra","Visions of the Emerald Beyond","Favorites Albums","Album","0074644686722","0074644686722"
"The Inner Mounting Flame","Mahavishnu Orchestra","The Inner Mounting Flame","Favorites Albums","Album","5099706552321","5099706552321"
"Protection","Massive Attack","Protection","Favorites Albums","Album","0724383988358","0724383988358"
"The Carnegie Hall Concert","Alice Coltrane","The Carnegie Hall Concert","Favorites Albums","Album","0602465090369","qjbcjtjc7roxb"
"Hear, Sense and Feel","The Awakening","Hear, Sense and Feel","Favorites Albums","Album","0195081379968","yhmiy6m00iakc"
"Yakhal' Inkomo","Mankunku Quartet","Yakhal' Inkomo","Favorites Albums","Album","6009555143051","i92qpi7jml20a"
"Pieces of a Man","Gil Scott-Heron","Pieces of a Man","Favorites Albums","Album","0029667527484","kjv5c8zne4n8b"
"Savane","Ali Farka Touré","Savane","Favorites Albums","Album","0859381180838","rjq0ch3qxwkua"
"Sorrow Tears and Blood (Edit)","Fela Kuti","Sorrow Tears and Blood (Edit)","Favorites Albums","Album","0720841126300","uc06wxcnrut5a"
"Fela's London Scene","Fela Kuti","Fela's London Scene","Favorites Albums","Album","0720841206491","j64tmxoocqr0a"
"Expensive Shit","Fela Kuti","Expensive Shit","Favorites Albums","Album","0720841207597","byvpo33gj7kwb"
"Fela With Ginger Baker Live!","Fela Kuti","Fela With Ginger Baker Live!","Favorites Albums","Album","0720841206392","yg18sirdvkatb"
"Up & Down","Horace Parlan","Up & Down","Favorites Albums","Album","5099926513751","5099926513751"
"The Thing To Do","Blue Mitchell","The Thing To Do","Favorites Albums","Album","0060254778058","0060254778058"
"Midnight Blue (2012 Remaster)","Kenny Burrell","Midnight Blue (2012 Remaster)","Favorites Albums","Album","0060253764832","0060253764832"
"Zombie","Fela Kuti","Zombie","Favorites Albums","Album","0720841206194","0720841206194"
"Duke Ellington & John Coltrane","Duke Ellington","Duke Ellington & John Coltrane","Favorites Albums","Album","0060254786249","0060254786249"
"On Impulse!","Sonny Rollins","On Impulse!","Favorites Albums","Album","0602567446408","bw3p2mcwtzuka"
"Things Fall Apart","The Roots","Things Fall Apart","Favorites Albums","Album","0007502101475","0007502101475"
"Volume 2","Miles Davis","Volume 2","Favorites Albums","Album","0060253749831","0060253749831"
"Miles and Monk at Newport ","Miles Davis","Miles and Monk at Newport ","Favorites Albums","Album","0886444334037","0886444334037"
"Ready For Freddie","Freddie Hubbard","Ready For Freddie","Favorites Albums","Album","0060253740967","0060253740967"
"Blue Spirits","Freddie Hubbard","Blue Spirits","Favorites Albums","Album","0060254718780","0060254718780"
"Mr. Morale & The Big Steppers (Explicit version)","Kendrick Lamar","Mr. Morale & The Big Steppers (Explicit version)","Favorites Albums","Album","0602448038692","bol3685y6tlfc"
"Steamin' With The Miles Davis Quintet","Miles Davis Quintet","Steamin' With The Miles Davis Quintet","Favorites Albums","Album","0088807239097","0088807239097"
"Workin' With The Miles Davis Quintet","Miles Davis Quintet","Workin' With The Miles Davis Quintet","Favorites Albums","Album","0888072474901","d9xt2qqt4jp6a"
"Black Classical Music","Yussef Dayes","Black Classical Music","Favorites Albums","Album","0197338790748","rr1rbbby5lnta"
"The Yussef Dayes Experience Live at Joshua Tree ","Yussef Dayes","The Yussef Dayes Experience Live at Joshua Tree ","Favorites Albums","Album","5054197290435","blmd1v0s6k22b"
"Harmony of Difference","Kamasi Washington","Harmony of Difference","Favorites Albums","Album","0889030017154","0889030017154"
"The Yussef Dayes Experience ","Yussef Dayes","The Yussef Dayes Experience ","Favorites Albums","Album","0197338156094","ts8v1t0au8rqc"
"The Survivors' Suite","Keith Jarrett","The Survivors' Suite","Favorites Albums","Album","0060254730109","0060254730109"
"Cookin' With The Miles Davis Quintet","Miles Davis Quintet","Cookin' With The Miles Davis Quintet","Favorites Albums","Album","0088807239039","0088807239039"
"Relaxin' With The Miles Davis Quintet","Miles Davis Quintet","Relaxin' With The Miles Davis Quintet","Favorites Albums","Album","0088807239046","0088807239046"
"Cornbread","Lee Morgan","Cornbread","Favorites Albums","Album","5099995836850","sxpz5a6171hwa"
"Volume 1","Miles Davis","Volume 1","Favorites Albums","Album","0060253749829","0060253749829"
"Horace Silver And The Jazz Messengers","Horace Silver","Horace Silver And The Jazz Messengers","Favorites Albums","Album","0060253747152","0060253747152"
"Tutu","Miles Davis","Tutu","Favorites Albums","Album","0603497936120","0603497936120"
"Solitude","Billie Holiday","Solitude","Favorites Albums","Album","0602567833383","rciekf0l9vznc"
"Point of Departure","Andrew Hill","Point of Departure","Favorites Albums","Album","0060254714885","0060254714885"
"LUPIN THE THIRD JAZZ ー Bossa & Fusion","YUJI OHNO & FRIENDS","LUPIN THE THIRD JAZZ ー Bossa & Fusion","Favorites Albums","Album","4988021847643","zuiufqfxdp0wa"
"Creuza de ma","Fabrizio De Andrè","Creuza de ma","Favorites Albums","Album","0886444411578","0886444411578"
"Volume 3","Fabrizio De Andrè","Volume 3","Favorites Albums","Album","0743219745828","0743219745828"
"Volume 1","Fabrizio De Andrè","Volume 1","Favorites Albums","Album","0743219745729","0743219745729"
"Canzoni","Fabrizio De Andrè","Canzoni","Favorites Albums","Album","0743219741523","0743219741523"
"Non Al Denaro, Non All'Amore, Ne Al Cielo","Fabrizio De Andrè","Non Al Denaro, Non All'Amore, Ne Al Cielo","Favorites Albums","Album","0743219744425","0743219744425"
"Storia Di Un Impiegato","Fabrizio De Andrè","Storia Di Un Impiegato","Favorites Albums","Album","0743219742421","0743219742421"
"La Buona Novella","Fabrizio De Andrè","La Buona Novella","Favorites Albums","Album","0743219744524","0743219744524"
"Tutti Morimmo A Stento","Fabrizio De Andrè","Tutti Morimmo A Stento","Favorites Albums","Album","0743219745620","0743219745620"
"Gentle Giant","Gentle Giant","Gentle Giant","Favorites Albums","Album","0004228426242","0004228426242"
"Mezzanine","Massive Attack","Mezzanine","Favorites Albums","Album","0724384559953","0724384559953"
"Blue Lines","Massive Attack","Blue Lines","Favorites Albums","Album","5099923203853","5099923203853"
"Dalla ","Lucio Dalla","Dalla ","Favorites Albums","Album","0886448356226","z24q75lltq3fc"
"Aida","Rino Gaetano","Aida","Favorites Albums","Album","0743211496926","0743211496926"
"Mio Fratello E' Figlio Unico","Rino Gaetano","Mio Fratello E' Figlio Unico","Favorites Albums","Album","0743211497022","0743211497022"
"Leftism ","Leftfield","Leftism ","Favorites Albums","Album","0886446209326","0886446209326"
"Oxygène","Jean-Michel Jarre","Oxygène","Favorites Albums","Album","0886445417623","vasrrlm7ue6ua"
"Over-Nite Sensation","Frank Zappa","Over-Nite Sensation","Favorites Albums","Album","0602438149230","zijeykfc91yca"
"Apostrophe(')","Frank Zappa","Apostrophe(')","Favorites Albums","Album","0602435908854","r95756z9tzbhc"
"Joe's Garage Acts I, II & III","Frank Zappa","Joe's Garage Acts I, II & III","Favorites Albums","Album","0602435909158","o4rlelg4iv2gc"
"Sheik Yerbouti","Frank Zappa","Sheik Yerbouti","Favorites Albums","Album","0602435909189","v4m7e0qiorycb"
"One Size Fits All","Frank Zappa","One Size Fits All","Favorites Albums","Album","0602438149322","ey0lgh8uaz2fa"
"Stand Up ","Jethro Tull","Stand Up ","Favorites Albums","Album","0190295932824","0190295932824"
"Thriller","Michael Jackson","Thriller","Favorites Albums","Album","0074643811224","0074643811224"
"Nero A Metà (2008 Remastered Edition)","Pino Daniele","Nero A Metà (2008 Remastered Edition)","Favorites Albums","Album","5099952234859","5099952234859"
"Bella 'mbriana ","Pino Daniele","Bella 'mbriana ","Favorites Albums","Album","0190296761171","gxehgx7sng7rc"
"Pino Daniele (2008 Remastered Edition)","Pino Daniele","Pino Daniele (2008 Remastered Edition)","Favorites Albums","Album","5099952235153","5099952235153"
"Texas Flood","Stevie Ray Vaughan","Texas Flood","Favorites Albums","Album","0886443827141","0886443827141"
"Let's Get It On","Marvin Gaye","Let's Get It On","Favorites Albums","Album","0060253780964","0060253780964"
"Fulfillingness' First Finale","Stevie Wonder","Fulfillingness' First Finale","Favorites Albums","Album","0060253780962","0060253780962"
"Talking Book","Stevie Wonder","Talking Book","Favorites Albums","Album","0060253780972","0060253780972"
"Songs In The Key Of Life","Stevie Wonder","Songs In The Key Of Life","Favorites Albums","Album","0060253780968","0060253780968"
"Endtroducing.....","DJ Shadow","Endtroducing.....","Favorites Albums","Album","5400863103361","mxro4fdp8agbb"
"You","Larry Lovestein & The Velvet Revival","You","Favorites Albums","Album","0887158282126","k3iqov3g3valc"
"untitled unmastered.","Kendrick Lamar","untitled unmastered.","Favorites Albums","Album","0060254785163","0060254785163"
"Shades Of Blue: Madlib Invades Blue Note","Madlib","Shades Of Blue: Madlib Invades Blue Note","Favorites Albums","Album","0602577513381","vz8zgahd1zteb"
"Random Access Memories","Daft Punk","Random Access Memories","Favorites Albums","Album","0886443927087","0886443927087"
"Black Star","Black Star","Black Star","Favorites Albums","Album","0000881128972","0000881128972"
"The Miseducation of Lauryn Hill","Lauryn Hill","The Miseducation of Lauryn Hill","Favorites Albums","Album","0886446727189","0886446727189"
"Miles","Blu & Exile","Miles","Favorites Albums","Album","0682670888654","c8tk7yrbsuvoa"
"People's Instinctive Travels and the Paths of Rhythm (25th Anniversary Edition)","A Tribe Called Quest","People's Instinctive Travels and the Paths of Rhythm (25th Anniversary Edition)","Favorites Albums","Album","0196873025063","qb52lmk8tus2a"
"Midnight Marauders","A Tribe Called Quest","Midnight Marauders","Favorites Albums","Album","0012414149022","0012414149022"
"The Low End Theory","A Tribe Called Quest","The Low End Theory","Favorites Albums","Album","0012414141828","0012414141828"
"Jazzmatazz Volume 1","Guru","Jazzmatazz Volume 1","Favorites Albums","Album","0094632199850","0094632199850"
"Illmatic","Nas","Illmatic","Favorites Albums","Album","0886444072496","0886444072496"
"The College Dropout","Kanye West","The College Dropout","Favorites Albums","Album","0602567922186","dwqkb21o9tz5b"
"Graduation","Kanye West","Graduation","Favorites Albums","Album","0602577027864","xke579b9u7mmc"
"good kid, m.A.A.d city (Deluxe Edition)","Kendrick Lamar","good kid, m.A.A.d city (Deluxe Edition)","Favorites Albums","Album","0060253743943","0060253743943"
"Everything's Beautiful","Miles Davis","Everything's Beautiful","Favorites Albums","Album","0886445961737","uqznkb9b270ac"
"Doggystyle","Snoop Dogg","Doggystyle","Favorites Albums","Album","0659783313694","hzfkpyl8u2p5a"
"CARE FOR ME","Saba","CARE FOR ME","Favorites Albums","Album","0198588683668","bsb2odsosp8ic"
"From The Private Collection of Saba and No ID","Saba","From The Private Collection of Saba and No ID","Favorites Albums","Album","0199066398463","aecw1ky0eyx4a"
"Cherry Bomb","Tyler, The Creator","Cherry Bomb","Favorites Albums","Album","0886445172423","0886445172423"
"CALL ME IF YOU GET LOST","Tyler, The Creator","CALL ME IF YOU GET LOST","Favorites Albums","Album","0886449308521","qriw7fu7e19lb"
"Flower Boy","Tyler, The Creator","Flower Boy","Favorites Albums","Album","0886446626635","0886446626635"
"CHROMAKOPIA","Tyler, The Creator","CHROMAKOPIA","Favorites Albums","Album","0196872555059","e4323esbfroqb"
"IGOR","Tyler, The Creator","IGOR","Favorites Albums","Album","0886447710180","qtz65tw2of0ha"
"Buhloone Mindstate","De La Soul","Buhloone Mindstate","Favorites Albums","Album","0810098503112","pxxxobr6j4iab"
"Blowout Comb","Digable Planets","Blowout Comb","Favorites Albums","Album","0724383065455","0724383065455"
"Reachin' (A New Refutation Of Time And Space)","Digable Planets","Reachin' (A New Refutation Of Time And Space)","Favorites Albums","Album","0724382775850","0724382775850"
"Bizarre Ride II The Pharcyde","The Pharcyde","Bizarre Ride II The Pharcyde","Favorites Albums","Album","0066991040005","0066991040005"
"Labcabincalifornia","The Pharcyde","Labcabincalifornia","Favorites Albums","Album","0066991039745","0066991039745"
"Nuova Napoli","Nu Genea","Nuova Napoli","Favorites Albums","Album","3760179354508","ki2rf1lrsolla"
"Bar Mediterraneo","Nu Genea","Bar Mediterraneo","Favorites Albums","Album","8053307091778","dqoztehx0ycdc"
"Faces","Mac Miller","Faces","Favorites Albums","Album","0093624879787","lorwwcx1gxq1a"
"GO:OD AM","Mac Miller","GO:OD AM","Favorites Albums","Album","0093624924395","0093624924395"
"K.I.D.S.","Mac Miller","K.I.D.S.","Favorites Albums","Album","0192641536007","kwd1a49ca44da"
"The Divine Feminine","Mac Miller","The Divine Feminine","Favorites Albums","Album","0093624918844","0093624918844"
"Circles ","Mac Miller","Circles ","Favorites Albums","Album","0093624905967","u38frhrebzkxb"
"Balloonerism","Mac Miller","Balloonerism","Favorites Albums","Album","0093624834786","mvnjredsz1t8b"
"Swimming","Mac Miller","Swimming","Favorites Albums","Album","0093624905899","tvoqpl1jnfpsb"
"2001","Dr. Dre","2001","Favorites Albums","Album","0060251764126","0060251764126"
"To Pimp A Butterfly","Kendrick Lamar","To Pimp A Butterfly","Favorites Albums","Album","0060254728992","0060254728992"
"Aqualung ","Jethro Tull","Aqualung ","Favorites Albums","Album","0825646125166","0825646125166"
"Jazz Samba","Stan Getz","Jazz Samba","Favorites Albums","Album","0602567832171","ihtdq5lp66tob"
"Off The Wall","Michael Jackson","Off The Wall","Favorites Albums","Album","0074643574525","0074643574525"
"Santana (III)","Santana","Santana (III)","Favorites Albums","Album","0886444593212","0886444593212"
"What's Going On","Marvin Gaye","What's Going On","Favorites Albums","Album","0060253780989","0060253780989"
"The Chronic","Dr. Dre","The Chronic","Favorites Albums","Album","0602455222664","r3x77ee4fm9jc"
"Innervisions","Stevie Wonder","Innervisions","Favorites Albums","Album","0060253707080","0060253707080"
"Black On Both Sides","Mos Def","Black On Both Sides","Favorites Albums","Album","0000881129052","0000881129052"
"Do You Want More?!!!??! (Deluxe Version - Explicit)","The Roots","Do You Want More?!!!??! (Deluxe Version - Explicit)","Favorites Albums","Album","0602435543215","l8o5chx3a3qoa"
"The Source ","Ali Farka Touré","The Source ","Favorites Albums","Album","3615930969241","wfap8rk877muc"
"3 Feet High and Rising","De La Soul","3 Feet High and Rising","Favorites Albums","Album","0810098502627","natmkfp1w7oxb"
"The Dark Side Of The Moon (50th Anniversary) ","Pink Floyd","The Dark Side Of The Moon (50th Anniversary) ","Favorites Albums","Album","0196589805232","es45w03nwb5eb"
"The Dark Side Of The Moon  ","Pink Floyd","The Dark Side Of The Moon  ","Favorites Albums","Album","0196589557414","irnjt2kwguvxa"
"Live!","Bob Marley & The Wailers","Live!","Favorites Albums","Album","0060255725426","0060255725426"
"Uprising","Bob Marley & The Wailers","Uprising","Favorites Albums","Album","0602547235251","zrcuw69by5uyb"
"Confrontation","Bob Marley & The Wailers","Confrontation","Favorites Albums","Album","0073145489032","0073145489032"
"Survival","Bob Marley & The Wailers","Survival","Favorites Albums","Album","0073145489012","0073145489012"
"Kaya","Bob Marley & The Wailers","Kaya","Favorites Albums","Album","0060253729859","0060253729859"
"Exodus","Bob Marley & The Wailers","Exodus","Favorites Albums","Album","0602445922659","jaxoeaphwc1zb"
"Monk's Dream","Thelonious Monk","Monk's Dream","Favorites Albums","Album","5056321625052","qryabzdwxzr2a"
"Little Girl Blue ","Nina Simone","Little Girl Blue ","Favorites Albums","Album","4050538685794","a7s3ipy1b5cwb"
"Jazz At The Plaza Vol 1","Miles Davis","Jazz At The Plaza Vol 1","Favorites Albums","Album","5056321623850","x3ohvi79mw1kb"
"Heavy Weather","Weather Report","Heavy Weather","Favorites Albums","Album","0074646510827","0074646510827"
"Genius Of Modern Music, Vol. 1 (Expanded Edition)","Thelonious Monk","Genius Of Modern Music, Vol. 1 (Expanded Edition)","Favorites Albums","Album","0724353213855","0724353213855"
"Chet Baker Sings: It Could Happen To You","Chet Baker","Chet Baker Sings: It Could Happen To You","Favorites Albums","Album","0888072233973","tbgbdzivk71ia"
"Black Market","Weather Report","Black Market","Favorites Albums","Album","0886443431423","0886443431423"
"Black Focus","Yussef Kamaal","Black Focus","Favorites Albums","Album","3614970930488","ko690lul13jvb"
"Afro-Cuban","Kenny Dorham","Afro-Cuban","Favorites Albums","Album","0602537471461","as3zmbfkjygj0"
"Black Byrd","Donald Byrd","Black Byrd","Favorites Albums","Album","0509999583775","0509999583775"
"Chant","Donald Byrd","Chant","Favorites Albums","Album","0602438303335","y498vk1slv9aa"
"Electric Byrd","Donald Byrd","Electric Byrd","Favorites Albums","Album","0724383619559","0724383619559"
"Conversations With Myself (Expanded Edition)","Bill Evans","Conversations With Myself (Expanded Edition)","Favorites Albums","Album","0073145214092","0073145214092"
"Herbie Nichols Trio","Herbie Nichols Trio","Herbie Nichols Trio","Favorites Albums","Album","0602508069994","iaz47xecxjjea"
"Wu Hen","Kamaal Williams","Wu Hen","Favorites Albums","Album","5060384618739","g7o79e0v71uda"
"Wede Harer Guzo","Hailu Mergia and Dahlak Band","Wede Harer Guzo","Favorites Albums","Album","0656605345567","0656605345567"
"Unity","Larry Young","Unity","Favorites Albums","Album","0602537648382","zyd7py2wnqxha"
"Trilogy 3","Chick Corea","Trilogy 3","Favorites Albums","Album","0708857335435","qztbvjp9hfmaa"
"Trilogy 2","Chick Corea","Trilogy 2","Favorites Albums","Album","0888072145887","xnq9y8wbsraya"
"Trilogy","Chick Corea Trio","Trilogy","Favorites Albums","Album","0888072356894","uwdhkeylcjd3b"
"To Love Somebody","Nina Simone","To Love Somebody","Favorites Albums","Album","0886447626795","efgw32tjdx8tb"
"The Tokyo Blues","Horace Silver","The Tokyo Blues","Favorites Albums","Album","5099926514659","5099926514659"
"The Times They Are A-Changin'","Bob Dylan","The Times They Are A-Changin'","Favorites Albums","Album","0827969424025","0827969424025"
"The Soft Parade ","The Doors","The Soft Parade ","Favorites Albums","Album","0603497851317","emg9tlpze5o8b"
"The Shape Of Jazz To Come","Ornette Coleman","The Shape Of Jazz To Come","Favorites Albums","Album","0603497920310","0603497920310"
"The Rumproller","Lee Morgan","The Rumproller","Favorites Albums","Album","0060254712561","0060254712561"
"The Return","Kamaal Williams","The Return","Favorites Albums","Album","5060384613437","m0hn0zmgxxrfb"
"The Power and the Glory ","Gentle Giant","The Power and the Glory ","Favorites Albums","Album","0804471000244","h9nwkjwr0lfsc"
"The Mad Hatter","Chick Corea","The Mad Hatter","Favorites Albums","Album","0731451979927","wlj6dbzt5bfsb"
"The Heliocentric Worlds of Sun Ra (vol. 1)","Sun Ra","The Heliocentric Worlds of Sun Ra (vol. 1)","Favorites Albums","Album","0825481011143","0825481011143"
"The Freewheelin' Bob Dylan","Bob Dylan","The Freewheelin' Bob Dylan","Favorites Albums","Album","0074640878626","0074640878626"
"The Epic","Kamasi Washington","The Epic","Favorites Albums","Album","5054429000207","rdbpn7keshtxa"
"The Eastern Moods Of","Bilal Abdurahman","The Eastern Moods Of","Favorites Albums","Album","0889845140788","0889845140788"
"The Doors","The Doors","The Doors","Favorites Albums","Album","0603497927838","0603497927838"
"The Chick Corea Elektric Band","Chick Corea Elektric Band","The Chick Corea Elektric Band","Favorites Albums","Album","0708857430338","e64c0osewbhxa"
"The Cape Verdean Blues","Horace Silver Quintet","The Cape Verdean Blues","Favorites Albums","Album","0602537873494","ednpb7nxdbh6b"
"The Big Beat","Art Blakey & The Jazz Messengers","The Big Beat","Favorites Albums","Album","0724356380059","0724356380059"
"Takanaka","Masayoshi Takanaka","Takanaka","Favorites Albums","Album","0600406363596","qd6r2dsdj948b"
"SUPER FLIGHT","Casiopea","SUPER FLIGHT","Favorites Albums","Album","4582290418650","cr34yc570d80a"
"Sun Ra with Pharoah Sanders and Black Harold","Sun Ra","Sun Ra with Pharoah Sanders and Black Harold","Favorites Albums","Album","0048285989863","ifhjrtg3bdt1a"
"Strange Days","The Doors","Strange Days","Favorites Albums","Album","0603497927852","0603497927852"
"Stellar Regions","John Coltrane","Stellar Regions","Favorites Albums","Album","0011105016926","ea1jpdn7sbcza"
"Space is the Place","Sun Ra","Space is the Place","Favorites Albums","Album","0001110502492","0001110502492"
"Silk & Soul ","Nina Simone","Silk & Soul ","Favorites Albums","Album","0828767333526","0828767333526"
"Seychelles","Masayoshi Takanaka","Seychelles","Favorites Albums","Album","0600406363602","aatboc4fdkllb"
"Santana","Santana","Santana","Favorites Albums","Album","0886444593021","0886444593021"
"recorded LIVE and BEST-Early Alfa Years","Casiopea","recorded LIVE and BEST-Early Alfa Years","Favorites Albums","Album","4582290408576","k16mgbz2q3rnc"
"Plays","Chick Corea","Plays","Favorites Albums","Album","0888072186439","tekqco3325zwa"
"People, Hell & Angels","Jimi Hendrix","People, Hell & Angels","Favorites Albums","Album","0886443838864","0886443838864"
"Pastel Blues","Nina Simone","Pastel Blues","Favorites Albums","Album","0602567832096","h4xdwq38svtla"
"Out Of The Cool","The Gil Evans Orchestra","Out Of The Cool","Favorites Albums","Album","0060251744818","0060251744818"
"Our Man In Paris","Dexter Gordon","Our Man In Paris","Favorites Albums","Album","0060253744638","0060253744638"
"Orvieto","Chick Corea","Orvieto","Favorites Albums","Album","0060252779692","0060252779692"
"Octopus ","Gentle Giant","Octopus ","Favorites Albums","Album","0804471000480","0804471000480"
"Now He Sings, Now He Sobs","Chick Corea","Now He Sings, Now He Sobs","Favorites Albums","Album","0602577640971","q6tp03zz0ysja"
"At Town Hall","Nina Simone","At Town Hall","Favorites Albums","Album","5099968898250","5099968898250"
"Newport '63","John Coltrane","Newport '63","Favorites Albums","Album","0602577176135","n38leb2ky14ta"
"Nefertiti ","Miles Davis","Nefertiti ","Favorites Albums","Album","0196589816429","j44jtqyibxu1a"
"Morrison Hotel","The Doors","Morrison Hotel","Favorites Albums","Album","0603497927890","0603497927890"
"Mode For Joe","Joe Henderson","Mode For Joe","Favorites Albums","Album","0509999583645","0509999583645"
"Moanin'","Art Blakey & The Jazz Messengers","Moanin'","Favorites Albums","Album","0602537648078","zd37uuw658erc"
"Live At The Fillmore East (March 7, 1970) - It's About That Time","Miles Davis","Live At The Fillmore East (March 7, 1970) - It's About That Time","Favorites Albums","Album","0696998519121","0696998519121"
"Miles Davis And The Modern Jazz Giants","Miles Davis","Miles Davis And The Modern Jazz Giants","Favorites Albums","Album","0088807239042","0088807239042"
"Meditations","John Coltrane","Meditations","Favorites Albums","Album","0060251792037","0060251792037"
"Masterpieces By Ellington ","Duke Ellington","Masterpieces By Ellington ","Favorites Albums","Album","0696998704329","0696998704329"
"LUPIN THE THIRD JAZZ ー Another ""JAZZ""","Yuji Ohno","LUPIN THE THIRD JAZZ ー Another ""JAZZ""","Favorites Albums","Album","4988021847650","ldundja71k6ma"
"Lost in sound","Yusef Lateef","Lost in sound","Favorites Albums","Album","8427328603485","8427328603485"
"Live From The Blue Note Tokyo","Chick Corea Akoustic Band","Live From The Blue Note Tokyo","Favorites Albums","Album","0088807239567","0088807239567"
"Live at Woodstock","Jimi Hendrix","Live at Woodstock","Favorites Albums","Album","0884977422603","0884977422603"
"Live At The Village Vanguard - The Master Takes","John Coltrane Quartet","Live At The Village Vanguard - The Master Takes","Favorites Albums","Album","0602567825173","nncujpz8umzzb"
"Live At The Village Vanguard Again!","John Coltrane","Live At The Village Vanguard Again!","Favorites Albums","Album","0060254787403","0060254787403"
"Light As A Feather","Chick Corea","Light As A Feather","Favorites Albums","Album","0060253742097","0060253742097"
"Led Zeppelin (HD Remastered Edition)","Led Zeppelin","Led Zeppelin (HD Remastered Edition)","Favorites Albums","Album","0603497920143","0603497920143"
"Led Zeppelin IV (HD Remastered Edition)","Led Zeppelin","Led Zeppelin IV (HD Remastered Edition)","Favorites Albums","Album","0603497898503","0603497898503"
"Led Zeppelin II","Led Zeppelin","Led Zeppelin II","Favorites Albums","Album","0603497920099","0603497920099"
"Led Zeppelin III (HD Remastered Edition)","Led Zeppelin","Led Zeppelin III (HD Remastered Edition)","Favorites Albums","Album","0603497904655","0603497904655"
"L.A. Woman","The Doors","L.A. Woman","Favorites Albums","Album","0603497927913","0603497927913"
"Jazz Sounds Of Africa","Ahmed Abdul Malik","Jazz Sounds Of Africa","Favorites Albums","Album","0025218527927","n0ofy4pyk7p9b"
"Jazz Samba Encore!","Stan Getz","Jazz Samba Encore!","Favorites Albums","Album","0602508561122","cvwlag2rxpz5a"
"Jazz Sahara","Ahmed Abdul Malik","Jazz Sahara","Favorites Albums","Album","0191018988401","ijimpzrsguwwc"
"Jazz Moods","Yusef Lateef","Jazz Moods","Favorites Albums","Album","5056321643537","tt8h66x6fg6lc"
"Jazz in Silhouette","Sun Ra","Jazz in Silhouette","Favorites Albums","Album","0881626587966","i8mxjbhoj4t6a"
"Isle of Wight ","Miles Davis","Isle of Wight ","Favorites Albums","Album","0886444505819","0886444505819"
"I Put A Spell On You","Nina Simone","I Put A Spell On You","Favorites Albums","Album","0602567832058","vse176trhoosb"
"In The Wake Of Poseidon","King Crimson","In The Wake Of Poseidon","Favorites Albums","Album","0633367880529","wm5jj1emxjdjb"
"In The Court Of The Crimson King","King Crimson","In The Court Of The Crimson King","Favorites Albums","Album","0633367880123","jdd9xlfslpa7b"
"Indestructible","Art Blakey & The Jazz Messengers","Indestructible","Favorites Albums","Album","0724358091557","0724358091557"
"Idle Moments","Grant Green","Idle Moments","Favorites Albums","Album","0060253765437","0060253765437"
"Hub-Tones","Freddie Hubbard","Hub-Tones","Favorites Albums","Album","5712192259535","hgq9t83z55cmb"
"Hot Rats","Frank Zappa","Hot Rats","Favorites Albums","Album","0602438148820","sfrcmgwpzfuuc"
"High Priestess Of Soul","Nina Simone","High Priestess Of Soul","Favorites Albums","Album","0060253745203","0060253745203"
"Here Comes The Sun ","Nina Simone","Here Comes The Sun ","Favorites Albums","Album","0886443424180","0886443424180"
"Hendrix In The West","Jimi Hendrix","Hendrix In The West","Favorites Albums","Album","0886443076433","0886443076433"
"Heart Of The Congos ","The Congos","Heart Of The Congos ","Favorites Albums","Album","0054645421263","0054645421263"
"Happy Frame Of Mind","Horace Parlan","Happy Frame Of Mind","Favorites Albums","Album","0602567476924","d3hvn6k9afjxc"
"Guantanamera - The Essential Album","Compay Segundo","Guantanamera - The Essential Album","Favorites Albums","Album","0825646428274","0825646428274"
"Gettin' Around","Dexter Gordon","Gettin' Around","Favorites Albums","Album","0060254719182","0060254719182"
"Free Jazz","Ornette Coleman","Free Jazz","Favorites Albums","Album","5055869578226","w8f2shzufu9va"
"Friday Night in San Francisco","Al Di Meola with Paco DeLucia & John McLaughlin","Friday Night in San Francisco","Favorites Albums","Album","0074646516829","0074646516829"
"FLYING BEAGLE","Himiko Kikuchi","FLYING BEAGLE","Favorites Albums","Album","4547366711370","uv7qlkkb37uuc"
"First Light ","Makoto Matsushita","First Light ","Favorites Albums","Album","0190295490478","g38oncovhjrgb"
"Expression","John Coltrane","Expression","Favorites Albums","Album","0011105013123","caygntk142zuc"
"Everything's Beautiful","Robert Glasper","Everything's Beautiful","Favorites Albums","Album","0886445484946","0886445484946"
"Ellington at Newport (July 7, 1956 - Newport 60th Anniversary Edition)","Duke Ellington","Ellington at Newport (July 7, 1956 - Newport 60th Anniversary Edition)","Favorites Albums","Album","0886444754507","0886444754507"
"Electric Ladyland","Jimi Hendrix","Electric Ladyland","Favorites Albums","Album","0884977526615","ovpkppztzssvc"
"Easy Skanking In Boston '78","Bob Marley & The Wailers","Easy Skanking In Boston '78","Favorites Albums","Album","0060254718344","0060254718344"
"East Meets West","Ahmed Abdul Malik","East Meets West","Favorites Albums","Album","0885686893272","y95c57ecvfflb"
"Lucio Dalla ","Lucio Dalla","Lucio Dalla ","Favorites Albums","Album","0886447889312","uiwxiktqeposc"
"Cosmos","Yuji Ohno","Cosmos","Favorites Albums","Album","4582290416830","ugj5xycb1nmfa"
"Cosmic Music","John Coltrane","Cosmic Music","Favorites Albums","Album","0060252776833","0060252776833"
"João Gilberto Apresenta Chega de Saudade","João Gilberto","João Gilberto Apresenta Chega de Saudade","Favorites Albums","Album","0192231732437","hj8b7d1vpo1gb"
"Charlie Parker With Strings: Complete Master Takes","Charlie Parker","Charlie Parker With Strings: Complete Master Takes","Favorites Albums","Album","0602567829393","vzdfowz2uikcc"
"Buena Vista Social Club at Carnegie Hall ","Buena Vista Social Club","Buena Vista Social Club at Carnegie Hall ","Favorites Albums","Album","0859381180890","y9nreywvtslya"
"Brasilian Skies","Masayoshi Takanaka","Brasilian Skies","Favorites Albums","Album","0602498909386","agyu046z8b9lc"
"Blue Wild Angel: Jimi Hendrix At The Isle Of Wight","Jimi Hendrix","Blue Wild Angel: Jimi Hendrix At The Isle Of Wight","Favorites Albums","Album","0884977428056","0884977428056"
"Black Sabbath ","Black Sabbath","Black Sabbath ","Favorites Albums","Album","5414939680571","5414939680571"
"Band Of Gypsys ","Jimi Hendrix","Band Of Gypsys ","Favorites Albums","Album","0884977422948","0884977422948"
"Baltimore","Nina Simone","Baltimore","Favorites Albums","Album","0074645790626","0074645790626"
"Ballads","John Coltrane","Ballads","Favorites Albums","Album","0060253742082","0060253742082"
"Axis: Bold As Love","Jimi Hendrix","Axis: Bold As Love","Favorites Albums","Album","0884977412833","0884977412833"
"Atlantis","Sun Ra","Atlantis","Favorites Albums","Album","0032501228119","l3kaikzr2meaa"
"At Carnegie Hall","The Dave Brubeck Quartet","At Carnegie Hall","Favorites Albums","Album","0074646145524","pv4m14ei3lzcc"
"Are You Experienced","Jimi Hendrix","Are You Experienced","Favorites Albums","Album","0884977413885","0884977413885"
"Ali","Vieux Farka Toure","Ali","Favorites Albums","Album","0656605157467","d9l14ik6b3jrb"
"Adventures","THE SQUARE / T-SQUARE","Adventures","Favorites Albums","Album","4582290397634","h6qj3a5kqdwgc"
"Acquiring The Taste","Gentle Giant","Acquiring The Taste","Favorites Albums","Album","0602567778547","kd5lkwbwagvaa"
"Abraxas","Santana","Abraxas","Favorites Albums","Album","0886444593038","0886444593038"
"5 By Monk By 5","Thelonious Monk Quintet","5 By Monk By 5","Favorites Albums","Album","0888072239425","xsiem6oqa4kcc"
"Live in Paris ","Pharoah Sanders","Live in Paris ","Favorites Albums","Album","3760179355390","qzeh9ou3wt6qc"
"Crescent","John Coltrane","Crescent","Favorites Albums","Album","0060254786544","0060254786544"
"Thembi","Pharoah Sanders","Thembi","Favorites Albums","Album","0011105025324","u4vnz16ekg73b"
"Concert In Japan","John Coltrane","Concert In Japan","Favorites Albums","Album","0060252779021","0060252779021"
"Evenings At The Village Gate: John Coltrane with Eric Dolphy","John Coltrane","Evenings At The Village Gate: John Coltrane with Eric Dolphy","Favorites Albums","Album","0602455635761","wwdyaxydqb7uc"
"A Night At Birdland - Volume 2/Live","Art Blakey","A Night At Birdland - Volume 2/Live","Favorites Albums","Album","0060254706464","0060254706464"
"My Point Of View","Herbie Hancock","My Point Of View","Favorites Albums","Album","0060253782174","0060253782174"
"Juju","Wayne Shorter","Juju","Favorites Albums","Album","5099995836256","l2t57vsne3c8b"
"A New Perspective","Donald Byrd","A New Perspective","Favorites Albums","Album","0060253744998","0060253744998"
"Night Dreamer","Wayne Shorter","Night Dreamer","Favorites Albums","Album","0060253748396","0060253748396"
"Song For My Father","Horace Silver","Song For My Father","Favorites Albums","Album","0060253764846","0060253764846"
"Hand On The Torch - 20th Anniversary Edition","Us3","Hand On The Torch - 20th Anniversary Edition","Favorites Albums","Album","0060253751862","0060253751862"
"Live In Montreux","Rachelle Ferrell","Live In Montreux","Favorites Albums","Album","0724353856458","0724353856458"
"Droppin' Science","Various Artists","Droppin' Science","Favorites Albums","Album","5099920770259","h72o17xwidm4b"
"Genius Of Modern Music","Thelonious Monk","Genius Of Modern Music","Favorites Albums","Album","0060253764795","0060253764795"
"Out To Lunch!","Eric Dolphy","Out To Lunch!","Favorites Albums","Album","0060253764848","0060253764848"
"Hank Mobley Quartet","Hank Mobley Quartet","Hank Mobley Quartet","Favorites Albums","Album","0060253771826","0060253771826"
"Return To Forever","Chick Corea","Return To Forever","Favorites Albums","Album","0602438236640","mwlvxs29j1llb"
"Journey in Satchidananda","Alice Coltrane","Journey in Satchidananda","Favorites Albums","Album","0011105022828","wlphbuc9uw59a"
"Ptah The El Daoud","Alice Coltrane","Ptah The El Daoud","Favorites Albums","Album","0011105020121","m4mum1t60rzea"
"KOKOROKO","Kokoroko","KOKOROKO","Favorites Albums","Album","5060180323844","i8zm8j55tsllb"
"Monk","Thelonious Monk","Monk","Favorites Albums","Album","0002521860162","0002521860162"
"Monk's Blues","Thelonious Monk","Monk's Blues","Favorites Albums","Album","0074645358123","0074645358123"
"Misterioso [Original Jazz Classics Remasters]","Thelonious Monk Quartet ","Misterioso [Original Jazz Classics Remasters]","Favorites Albums","Album","0088807233725","0088807233725"
"Solo Monk ","Thelonious Monk","Solo Monk ","Favorites Albums","Album","0074646353325","0074646353325"
"Thelonious Monk and Sonny Rollins","Thelonious Monk","Thelonious Monk and Sonny Rollins","Favorites Albums","Album","0088807234990","0088807234990"
"Underground","Thelonious Monk","Underground","Favorites Albums","Album","0886443373259","0886443373259"
"Straight, No Chaser","Thelonious Monk","Straight, No Chaser","Favorites Albums","Album","5099706488620","5099706488620"
"Minor Move","Tina Brooks","Minor Move","Favorites Albums","Album","0602508328992","pckcd6sf5lqva"
"True Blue","Tina Brooks","True Blue","Favorites Albums","Album","0060254714906","0060254714906"
"Adam's Apple","Wayne Shorter","Adam's Apple","Favorites Albums","Album","0060253742976","0060253742976"
"Speak No Evil","Wayne Shorter","Speak No Evil","Favorites Albums","Album","0060253764843","0060253764843"
"Other Sounds","Yusef Lateef","Other Sounds","Favorites Albums","Album","5712192269282","a51qc9snpz4ka"
"Jazz Mood","Yusef Lateef","Jazz Mood","Favorites Albums","Album","0888072073234","vuwa2fhf2od5a"
"The Golden Flute","Yusef Lateef","The Golden Flute","Favorites Albums","Album","0060249861049","0060249861049"
"Live At Pep's","Yusef Lateef","Live At Pep's","Favorites Albums","Album","0602527840888","a4vwskpyc9hzb"
"The Centaur And The Phoenix","Yusef Lateef","The Centaur And The Phoenix","Favorites Albums","Album","5056321660893","hxel88fb9sqha"
"Psychicemotus","Yusef Lateef","Psychicemotus","Favorites Albums","Album","0602498802731","oy876unpptbkc"
"The Blue Yusef Lateef","Yusef Lateef","The Blue Yusef Lateef","Favorites Albums","Album","0603497101566","0603497101566"
"Eastern Sounds","Yusef Lateef","Eastern Sounds","Favorites Albums","Album","0888072504899","xxh2tua3utdab"
"Newk's Time","Sonny Rollins","Newk's Time","Favorites Albums","Album","0060253744052","0060253744052"
"Sonny Side Up","Sonny Rollins","Sonny Side Up","Favorites Albums","Album","0602567828969","wc6qhr4e5ysma"
"A Night At The Village Vanguard","Sonny Rollins","A Night At The Village Vanguard","Favorites Albums","Album","0602465219494","gn5rc0sl9beya"
"Saxophone Colossus","Sonny Rollins","Saxophone Colossus","Favorites Albums","Album","0088807235279","0088807235279"
"The Bridge","Sonny Rollins","The Bridge","Favorites Albums","Album","0828765247221","0828765247221"
"A Saucerful of Secrets","Pink Floyd","A Saucerful of Secrets","Favorites Albums","Album","0886445613209","r51fnpwnztetb"
"Obscured by Clouds","Pink Floyd","Obscured by Clouds","Favorites Albums","Album","0886445613254","mi0j55zt1zsxa"
"The Piper at the Gates of Dawn","Pink Floyd","The Piper at the Gates of Dawn","Favorites Albums","Album","0886445613193","d0g5tz7t3rqec"
"The Final Cut (2011 Remastered Version) ","Pink Floyd","The Final Cut (2011 Remastered Version) ","Favorites Albums","Album","0886445613858","gh6ro5ntkj2eb"
"Meddle","Pink Floyd","Meddle","Favorites Albums","Album","0886445613247","fdkb67gcvpana"
"Animals","Pink Floyd","Animals","Favorites Albums","Album","0886445613834","tv5c8tyo8y66b"
"The Division Bell ","Pink Floyd","The Division Bell ","Favorites Albums","Album","0886445613872","zkw3csyyk9ndc"
"The Wall (Remastered 2011 Version)","Pink Floyd","The Wall (Remastered 2011 Version)","Favorites Albums","Album","0886445613841","dvc2hmdh714yc"
"Wish You Were Here","Pink Floyd","Wish You Were Here","Favorites Albums","Album","0886445613278","u5jzer5t2bmqb"
"Elevation","Pharoah Sanders","Elevation","Favorites Albums","Album","0602498802793","tknwnce7m3a2a"
"Jewels Of Thought","Pharoah Sanders","Jewels Of Thought","Favorites Albums","Album","0011105024723","ulqxdzbzsu7lb"
"Black Unity","Pharoah Sanders","Black Unity","Favorites Albums","Album","0011105021920","i9sjllmxam4ca"
"Wisdom Through Music","Pharoah Sanders","Wisdom Through Music","Favorites Albums","Album","0602577911637","zro2g3zk3q3ca"
"Karma","Pharoah Sanders","Karma","Favorites Albums","Album","0011105015325","yh28to3cdg6ac"
"Tauhid","Pharoah Sanders","Tauhid","Favorites Albums","Album","0001110501292","0001110501292"
"Izipho Zam (My Gifts)","Pharoah Sanders","Izipho Zam (My Gifts)","Favorites Albums","Album","0673203501164","zuagb1le0bzic"
"Promises","Floating Points","Promises","Favorites Albums","Album","0680899009720","cnjjko523sz0b"
"We Get Requests","Oscar Peterson","We Get Requests","Favorites Albums","Album","0060254747371","0060254747371"
"Night Train","Oscar Peterson","Night Train","Favorites Albums","Album","0602507498924","jq1bm1xi9c6lc"
"The Blues And The Abstract Truth","Oliver Nelson","The Blues And The Abstract Truth","Favorites Albums","Album","0602438440184","scy53h0llsm0a"
"Milt Jackson With John Lewis, Percy Heath, Kenny Clarke, Lou Donaldson And The Thelonious Monk Quintet","Milt Jackson","Milt Jackson With John Lewis, Percy Heath, Kenny Clarke, Lou Donaldson And The Thelonious Monk Quintet","Favorites Albums","Album","0602508008757","dcumtorbpxqic"
"The Real McCoy","McCoy Tyner","The Real McCoy","Favorites Albums","Album","0060253764811","0060253764811"
"Lee-Way","Lee Morgan","Lee-Way","Favorites Albums","Album","0602537550135","ojo478cy7dobc"
"Search For The New Land","Lee Morgan","Search For The New Land","Favorites Albums","Album","0060253764695","0060253764695"
"The Sidewinder","Lee Morgan","The Sidewinder","Favorites Albums","Album","0060253764835","0060253764835"
"Una Mas","Kenny Dorham","Una Mas","Favorites Albums","Album","0060254715295","0060254715295"
"Quiet Kenny (Rudy Van Gelder Remaster)","Kenny Dorham","Quiet Kenny (Rudy Van Gelder Remaster)","Favorites Albums","Album","0088807234927","0088807234927"
"The Köln Concert (Live at the Opera, Köln, 1975)","Keith Jarrett","The Köln Concert (Live at the Opera, Köln, 1975)","Favorites Albums","Album","0060254707654","0060254707654"
"Inner Urge","Joe Henderson","Inner Urge","Favorites Albums","Album","0724359242255","0724359242255"
"In 'n Out","Joe Henderson","In 'n Out","Favorites Albums","Album","0724359650753","0724359650753"
"Page One","Joe Henderson","Page One","Favorites Albums","Album","0060253742941","0060253742941"
"It's Time!","Jackie McLean","It's Time!","Favorites Albums","Album","0094635828450","0094635828450"
"Vertigo","Jackie McLean","Vertigo","Favorites Albums","Album","0724352266951","0724352266951"
"Destination...Out!","Jackie McLean","Destination...Out!","Favorites Albums","Album","0060254706072","0060254706072"
"Speakin' My Piece","Horace Parlan Quintet","Speakin' My Piece","Favorites Albums","Album","0602577261459","hzppq6kz29ekb"
"Us Three","Horace Parlan","Us Three","Favorites Albums","Album","0602567473787","cenik2r2voorb"
"Flood (Live in Tokyo - 1975)","Herbie Hancock","Flood (Live in Tokyo - 1975)","Favorites Albums","Album","0886444291996","0886444291996"
"Sextant","Herbie Hancock","Sextant","Favorites Albums","Album","0074646498323","0074646498323"
"Inventions & Dimensions","Herbie Hancock","Inventions & Dimensions","Favorites Albums","Album","0060253782182","0060253782182"
"Empyrean Isles","Herbie Hancock","Empyrean Isles","Favorites Albums","Album","0060253746532","0060253746532"
"Maiden Voyage","Herbie Hancock","Maiden Voyage","Favorites Albums","Album","0060253764850","0060253764850"
"Head Hunters","Herbie Hancock","Head Hunters","Favorites Albums","Album","0074646512326","0074646512326"
"Takin' Off","Herbie Hancock","Takin' Off","Favorites Albums","Album","0060253782158","0060253782158"
"Hank Mobley","Hank Mobley","Hank Mobley","Favorites Albums","Album","0602508092732","yvgsmherz965b"
"Dippin'","Hank Mobley","Dippin'","Favorites Albums","Album","0602537550463","zilkoh62yfbvc"
"No Room For Squares","Hank Mobley","No Room For Squares","Favorites Albums","Album","0060253746500","0060253746500"
"Roll Call","Hank Mobley","Roll Call","Favorites Albums","Album","0724354003059","0724354003059"
"Soul Station","Hank Mobley","Soul Station","Favorites Albums","Album","0060253764801","0060253764801"
"Here To Stay","Freddie Hubbard","Here To Stay","Favorites Albums","Album","0094636265957","0094636265957"
"Open Sesame","Freddie Hubbard","Open Sesame","Favorites Albums","Album","0724349534155","0724349534155"
"Red Clay (CTI Records 40th Anniversary Edition - Original Recording Remastered)","Freddie Hubbard","Red Clay (CTI Records 40th Anniversary Edition - Original Recording Remastered)","Favorites Albums","Album","0884977699098","0884977699098"
"One Flight Up","Dexter Gordon","One Flight Up","Favorites Albums","Album","0060254719168","0060254719168"
"A Swingin' Affair","Dexter Gordon","A Swingin' Affair","Favorites Albums","Album","0060254719177","0060254719177"
"Dexter Calling (192kHz/24bit)","Dexter Gordon","Dexter Calling (192kHz/24bit)","Favorites Albums","Album","0060254719161","0060254719161"
"Go","Dexter Gordon","Go","Favorites Albums","Album","0060253764804","0060253764804"
"Chet Baker Sings","Chet Baker","Chet Baker Sings","Favorites Albums","Album","0724382323457","0724382323457"
"Tijuana Moods","Charles Mingus","Tijuana Moods","Favorites Albums","Album","0886970553322","0886970553322"
"Blues & Roots","Charles Mingus","Blues & Roots","Favorites Albums","Album","0603497899562","0603497899562"
"Mingus Mingus Mingus Mingus Mingus","Charles Mingus","Mingus Mingus Mingus Mingus Mingus","Favorites Albums","Album","0602507498979","zug92djbgzx2a"
"Mingus Ah Um","Charles Mingus","Mingus Ah Um","Favorites Albums","Album","5099706551225","5099706551225"
"The Black Saint And The Sinner Lady","Charles Mingus","The Black Saint And The Sinner Lady","Favorites Albums","Album","0001110501742","0001110501742"
"MINT JAMS","Casiopea","MINT JAMS","Favorites Albums","Album","4582290419145","w5v834fnjy1xb"
"MAKE UP CITY","Casiopea","MAKE UP CITY","Favorites Albums","Album","4582290418698","bztctmjoy7yib"
"CASIOPEA","Casiopea","CASIOPEA","Favorites Albums","Album","4582290418568","a3ljft9etoygb"
"Somethin' Else","Cannonball Adderley","Somethin' Else","Favorites Albums","Album","0602537648153","t9tywhij3q4kc"
"Buena Vista Social Club ","Buena Vista Social Club","Buena Vista Social Club ","Favorites Albums","Album","4050538630107","t6sxftxt80rxc"
"Swingin' With Bud","Bud Powell","Swingin' With Bud","Favorites Albums","Album","0886446405636","0886446405636"
"The Amazing Bud Powell: Vol. 1","Bud Powell","The Amazing Bud Powell: Vol. 1","Favorites Albums","Album","0724353213657","0724353213657"
"Dig This","Bobbi Humphrey","Dig This","Favorites Albums","Album","0602567744634","lxdar46fyftub"
"Fancy Dancer","Bobbi Humphrey","Fancy Dancer","Favorites Albums","Album","5099952237553","5099952237553"
"Blacks And Blues","Bobbi Humphrey","Blacks And Blues","Favorites Albums","Album","0724349854253","0724349854253"
"Free For All","Art Blakey & The Jazz Messengers","Free For All","Favorites Albums","Album","0602537648122","w7eabgufnmena"
"Art Blakey's Jazz Messengers (with Thelonious Monk)","Art Blakey & The Jazz Messengers","Art Blakey's Jazz Messengers (with Thelonious Monk)","Favorites Albums","Album","0603497842407","h0fxjq3lf5u5b"
"Art Blakey & The Jazz Messengers","Art Blakey & The Jazz Messengers","Art Blakey & The Jazz Messengers","Favorites Albums","Album","0060253780977","0060253780977"
"Just Coolin'","Art Blakey & The Jazz Messengers","Just Coolin'","Favorites Albums","Album","0602508650215","vazaja7shnsdc"
"Caravan","Art Blakey & The Jazz Messengers","Caravan","Favorites Albums","Album","0888072556249","r4q15ie6kmygb"
"A Night At Birdland","Art Blakey","A Night At Birdland","Favorites Albums","Album","0060254706458","0060254706458"
"A Night In Tunisia","Art Blakey & The Jazz Messengers","A Night In Tunisia","Favorites Albums","Album","0060253740843","0060253740843"
"Stone Flower (CTI Records 40th Anniversary Edition)","Antonio Carlos Jobim","Stone Flower (CTI Records 40th Anniversary Edition)","Favorites Albums","Album","0884977713671","0884977713671"
"The Composer Of Desafinado, Plays","Antonio Carlos Jobim","The Composer Of Desafinado, Plays","Favorites Albums","Album","0602508747618","y99vddl9hvgqc"
"Elis & Tom","Elis Regina","Elis & Tom","Favorites Albums","Album","0602577166471","sgrejjl1zcgab"
"Wave","Antonio Carlos Jobim","Wave","Favorites Albums","Album","0602567831853","ryhxpc8yd2lta"
"Live in Paris (1971)","Ahmad Jamal","Live in Paris (1971)","Favorites Albums","Album","3760179357011","dthoctylyuhkb"
"At The Blackhawk","Ahmad Jamal","At The Blackhawk","Favorites Albums","Album","0060255770509","0060255770509"
"Outertimeinnerspace","Ahmad Jamal","Outertimeinnerspace","Favorites Albums","Album","0060254770812","0060254770812"
"The Ahmad Jamal Trio","Ahmad Jamal","The Ahmad Jamal Trio","Favorites Albums","Album","0196871699709","skeaxqru9w85b"
"Live At The Montreal Jazz Festival 1985","Ahmad Jamal","Live At The Montreal Jazz Festival 1985","Favorites Albums","Album","0081227454364","0081227454364"
"Ahmad's Blues","Ahmad Jamal","Ahmad's Blues","Favorites Albums","Album","0001110518032","0001110518032"
"Poinciana","Ahmad Jamal","Poinciana","Favorites Albums","Album","0074644439427","0074644439427"
"Ahmad Jamal At The Pershing: But Not For Me","Ahmad Jamal","Ahmad Jamal At The Pershing: But Not For Me","Favorites Albums","Album","0602577194573","rx2gtsiik9hjb"
"The Awakening","Ahmad Jamal","The Awakening","Favorites Albums","Album","0011105022620","ej9qdgi86b2ma"
"""Four"" & More ","Miles Davis","""Four"" & More ","Favorites Albums","Album","0827969359525","0827969359525"
"Live - Evil","Miles Davis","Live - Evil","Favorites Albums","Album","0074646513521","0074646513521"
"Miles Ahead ","Miles Davis","Miles Ahead ","Favorites Albums","Album","0886446473062","0886446473062"
"Miles in the Sky","Miles Davis","Miles in the Sky","Favorites Albums","Album","0886447509289","g0f5wfitmowzb"
"Birth Of The Cool","Miles Davis","Birth Of The Cool","Favorites Albums","Album","0060254782276","0060254782276"
"Someday My Prince Will Come ","Miles Davis","Someday My Prince Will Come ","Favorites Albums","Album","0886446473109","0886446473109"
"Milestones (Mono version)","Miles Davis","Milestones (Mono version)","Favorites Albums","Album","0886444333931","0886444333931"
"Walkin'","Miles Davis","Walkin'","Favorites Albums","Album","0888072670501","gg9mdfxgo3hsa"
"'Round About Midnight ","Miles Davis","'Round About Midnight ","Favorites Albums","Album","0886444333917","0886444333917"
"Sketches of Spain","Miles Davis","Sketches of Spain","Favorites Albums","Album","0886444505321","0886444505321"
"In A Silent Way","Miles Davis","In A Silent Way","Favorites Albums","Album","0696998655621","0696998655621"
"Bitches Brew","Miles Davis","Bitches Brew","Favorites Albums","Album","0886443874428","0886443874428"
"Kind Of Blue","Miles Davis","Kind Of Blue","Favorites Albums","Album","5099749522428","5099749522428"
"Traneing In","John Coltrane","Traneing In","Favorites Albums","Album","0088807235227","0088807235227"
"Settin' The Pace","John Coltrane","Settin' The Pace","Favorites Albums","Album","0088807239123","0088807239123"
"Kulu Sé Mama","John Coltrane","Kulu Sé Mama","Favorites Albums","Album","0060251792034","0060251792034"
"Ascension","John Coltrane","Ascension","Favorites Albums","Album","0602547871572","kf2f408tq34oc"
"Bahia","John Coltrane","Bahia","Favorites Albums","Album","0888072391369","qqk02nmi43r0b"
"Live At The Village Vanguard","John Coltrane Quartet","Live At The Village Vanguard","Favorites Albums","Album","0602547862402","x0ybuhbciwzjb"
"Stardust","John Coltrane","Stardust","Favorites Albums","Album","0088807239033","0088807239033"
"At Carnegie Hall","Thelonious Monk Quartet ","At Carnegie Hall","Favorites Albums","Album","0094633517356","0094633517356"
"Impressions","John Coltrane","Impressions","Favorites Albums","Album","0602547865175","b3fowghp8l2ha"
"Both Directions At Once: The Lost Album (Deluxe Edition)","John Coltrane","Both Directions At Once: The Lost Album (Deluxe Edition)","Favorites Albums","Album","0602567554295","l9ox0qzoqcowb"
"Coltrane","John Coltrane Quartet","Coltrane","Favorites Albums","Album","0602547862426","v20jw6dtl1f3b"
"Africa/Brass","John Coltrane","Africa/Brass","Favorites Albums","Album","0060253742081","0060253742081"
"Live At Birdland","John Coltrane","Live At Birdland","Favorites Albums","Album","0060254786527","0060254786527"
"Coltrane","John Coltrane","Coltrane","Favorites Albums","Album","0088807239027","0088807239027"
"Thelonious Monk With John Coltrane","Thelonious Monk","Thelonious Monk With John Coltrane","Favorites Albums","Album","0088807239025","0088807239025"
"Soultrane","John Coltrane","Soultrane","Favorites Albums","Album","0088807239031","0088807239031"
"Coltrane Plays the Blues","John Coltrane","Coltrane Plays the Blues","Favorites Albums","Album","0603497894291","0603497894291"
"Coltrane's Sound","John Coltrane","Coltrane's Sound","Favorites Albums","Album","0603497894284","0603497894284"
"Olé Coltrane","John Coltrane","Olé Coltrane","Favorites Albums","Album","0603497894666","0603497894666"
"Giant Steps ","John Coltrane","Giant Steps ","Favorites Albums","Album","0603497847549","w13y2b5td69eb"
"My Favorite Things","John Coltrane","My Favorite Things","Favorites Albums","Album","0603497920327","0603497920327"
"John Coltrane and Johnny Hartman","John Coltrane","John Coltrane and Johnny Hartman","Favorites Albums","Album","0602507498245","i1nw1rs1d0clc"
"Blue Train","John Coltrane","Blue Train","Favorites Albums","Album","0060253764852","0060253764852"
"A Love Supreme","John Coltrane","A Love Supreme","Favorites Albums","Album","0060253742084","0060253742084"
"Getz/Gilberto","Stan Getz","Getz/Gilberto","Favorites Albums","Album","0602435409283","wku5y5j6r2vla"
"Undercurrent","Bill Evans","Undercurrent","Favorites Albums","Album","0724353822859","0724353822859"
"Explorations","Bill Evans Trio","Explorations","Favorites Albums","Album","0002521860372","0002521860372"
"Waltz For Debby","Bill Evans Trio","Waltz For Debby","Favorites Albums","Album","0888072504868","q8m2djqmky77b"
"Sunday At The Village Vanguard","Bill Evans Trio","Sunday At The Village Vanguard","Favorites Albums","Album","0888072475403","qlrsn75jfkoua"
"Portrait In Jazz","Bill Evans","Portrait In Jazz","Favorites Albums","Album","0088807202592","0088807202592"